﻿<?xml version="1.0" encoding="utf-8"?>
<Migration xmlns:xsi="http://www.w3.org/2001/XMLSchema-instance" xmlns:xsd="http://www.w3.org/2001/XMLSchema">
  <Providers>
    <Provider id="TFSProvider">
      <AssemblyQualifiedName>Microsoft.Vsts.Rangers.Migration.TfsToTfs.TfsProviderFactory, TfsToTfsAdaptor, Version=1.1.31205.01, Culture=neutral</AssemblyQualifiedName>
    </Provider>
    <Provider id="SQLReport">
      <AssemblyQualifiedName>Microsoft.TeamFoundation.Migration.Toolkit.SQLReportFactory, Microsoft.TeamFoundation.Migration.Toolkit, Version=1.1.31205.01, Culture=neutral</AssemblyQualifiedName>
    </Provider>
    <Provider id="TfsLinkProvider">
      <AssemblyQualifiedName>Microsoft.TeamFoundation.Migration.Linking.TfsLinkingEngineFactory, Microsoft.TeamFoundation.Migration.Linking, Version=1.1.31205.01, Culture=neutral</AssemblyQualifiedName>
    </Provider>
  </Providers>
  <Servers>
    <Tfs id="localhost">
      <Server>http://localhost:8080/</Server>
    </Tfs>
  </Servers>
  <Settings>
    <Setting name="ShowMethodDetails" value="true" />
  </Settings>
  <Sql>
    <ConnectionString>server=.\SQLExpress;Integrated Security=SSPI</ConnectionString>
    <Database>TfsMigration</Database>
    <Server>localhost</Server>
  </Sql>
</Migration>
