﻿<?xml version="1.0" encoding="utf-8" ?>
<Migration>
	<VC>
		<Sessions>
			<Session id="TEMPLATE_VCSESSION" provider="TFSProvider">
				<Mappings />
        <Tfs server ="TEMPLATE_SERVER" >
					<Workspace>WORKSPACE_NAME</Workspace>
					<WorkspaceRoot>WORKSPACE_ROOT_PATH</WorkspaceRoot>
				</Tfs>
				<Source>
          <Tfs server ="TEMPLATE_SERVER" >
            <Workspace>WORKSPACE_NAME</Workspace>
            <WorkspaceRoot>WORKSPACE_ROOT_PATH</WorkspaceRoot>
          </Tfs>
        </Source>
      </Session>
    </Sessions>
	</VC>
	<WIT>
    <Sessions>
      <Session id="TEMPLATE_WITSESSION">
        <Tfs server="TEMPLATE_SERVER" fieldForm="Reference">
          <Project>TEMPLATE_PROJECT</Project>
          <Filter>[System.WorkItemType]='Bug'</Filter>
        </Tfs>
        <FastQueue threadCount="2" batchSize="50" />
        <SlowQueue threadCount="2" batchSize="50" />
        <Source>
          <Tfs server="TEMPLATE_SERVER" fieldForm="Reference">
            <Project>TEMPLATE_PROJECT</Project>
            <Filter>[System.WorkItemType]='Bug'</Filter>
          </Tfs>
        </Source>
      </Session>
    </Sessions>
   </WIT>
</Migration>